Workbook

Sheet Dashboard_KPIs
A1: INFORME DE PARADAS DE MÁQUINA — CENTRO DE MECANIZADO CNC
A2: OPTIMUM OPTImill F 210 HSC | Control: Siemens Sinumerik 828D | Taller Mecánico Universitario
A4: ⚙ PARÁMETROS BASE (INPUTS) | F4: 📊 KPIs DE MANTENIMIENTO — ECUACIONES NORMALIZADAS
B5: Período de Análisis (Inicio) | D5: 01/01/2025
B6: Período de Análisis (Fin) | D6: 31/12/2025 | F6: Tiempo de Operación Real (TOP) | H6: Ecuación: TOP = T_Carga − PP − PNP | I6: =D9-D10-D11 -> 120000 | J6: min
B7: Días Hábiles en el Período | D7: 250 | F7: Disponibilidad (A) | H7: A = TOP / T_Carga | I7: =IFERROR((D9-D10-D11)/D9,0) -> 1 | J7: % | K7: =IF(I7>=0.9,"🟢 ÓPTIMO",IF(I7>=0.75,"🟡 ACEPTABLE","🔴 CRÍTICO")) -> 🟢 ÓPTIMO
B8: Horas de Turno Diario | D8: 8 | F8: Nº de Fallas (No Planificadas) | H8: Count eventos PNP | I8: =COUNTIF(Registro_Paradas!F2:F1000,"No Planificada") -> 0 | J8: fallas
B9: Tiempo de Carga Total (min) | D9: =D7*D8*60 -> 120000 | F9: MTBF (Mean Time Between Failures) | H9: MTBF = TOP / Nº Fallas | I9: =IFERROR((D9-D10-D11)/I8,0) -> 0 | J9: min/falla
B10: Paradas Planificadas (PP) min | D10: =SUMIF(Registro_Paradas!F2:F1000,"Planificada",Registro_Paradas!E2:E1000) -> 0 | F10: MTTR (Mean Time To Repair) | H10: MTTR = PNP_total / Nº Fallas | I10: =IFERROR(D11/I8,0) -> 0 | J10: min/falla
B11: Paradas No Planificadas (min) | D11: =SUMIF(Registro_Paradas!F2:F1000,"No Planificada",Registro_Paradas!E2:E1000) -> 0 | F11: Rendimiento (P) [parámetro manual] | H11: P = Unidades_reales / Unidades_teóricas | I11: 0.92 | J11: %
F12: Calidad (Q) [parámetro manual] | H12: Q = Piezas_OK / Total_producidas | I12: 0.97 | J12: %
F13: OEE (Disponibilidad × Rendimiento × Calidad) | H13: OEE = A × P × Q (Norma ISO 22400) | I13: =I7*I11*I12 -> 0.8924 | J13: % | K13: =IF(I13>=0.85,"🟢 ÓPTIMO",IF(I13>=0.65,"🟡 ACEPTABLE","🔴 CRÍTICO")) -> 🟢 ÓPTIMO
A14: 📋 RESUMEN DE PARADAS POR CÓDIGO (Top 8)
A15: Código | B15: Descripción | C15: Frec. | D15: Min. Total | E15: % del Total PNP
A16: PNP-M01 | B16: =IFERROR(VLOOKUP(A16,Diccionario_Codigos!$A:$B,2,0),"") -> Husillo / Spindle (Inline Motor) | C16: =IFERROR(COUNTIF(Registro_Paradas!$G:$G,A16),0) -> 0 | D16: =IFERROR(SUMIF(Registro_Paradas!$G:$G,A16,Registro_Paradas!$E:$E),0) -> 0 | E16: =IFERROR(D16/D11,0) -> 0
A17: PNP-M02 | B17: =IFERROR(VLOOKUP(A17,Diccionario_Codigos!$A:$B,2,0),"") -> Ejes y Guías Lineales X / Y / Z | C17: =IFERROR(COUNTIF(Registro_Paradas!$G:$G,A17),0) -> 0 | D17: =IFERROR(SUMIF(Registro_Paradas!$G:$G,A17,Registro_Paradas!$E:$E),0) -> 0 | E17: =IFERROR(D17/D11,0) -> 0
A18: PNP-M03 | B18: =IFERROR(VLOOKUP(A18,Diccionario_Codigos!$A:$B,2,0),"") -> ATC — Cambiador Automático 30 pos. | C18: =IFERROR(COUNTIF(Registro_Paradas!$G:$G,A18),0) -> 0 | D18: =IFERROR(SUMIF(Registro_Paradas!$G:$G,A18,Registro_Paradas!$E:$E),0) -> 0 | E18: =IFERROR(D18/D11,0) -> 0
A19: PNP-N01 | B19: =IFERROR(VLOOKUP(A19,Diccionario_Codigos!$A:$B,2,0),"") -> Sistema Neumático — Presión < 6 bar | C19: =IFERROR(COUNTIF(Registro_Paradas!$G:$G,A19),0) -> 0 | D19: =IFERROR(SUMIF(Registro_Paradas!$G:$G,A19,Registro_Paradas!$E:$E),0) -> 0 | E19: =IFERROR(D19/D11,0) -> 0
A20: PNP-L01 | B20: =IFERROR(VLOOKUP(A20,Diccionario_Codigos!$A:$B,2,0),"") -> Lubricación Centralizada Automática | C20: =IFERROR(COUNTIF(Registro_Paradas!$G:$G,A20),0) -> 0 | D20: =IFERROR(SUMIF(Registro_Paradas!$G:$G,A20,Registro_Paradas!$E:$E),0) -> 0 | E20: =IFERROR(D20/D11,0) -> 0
A21: PNP-R01 | B21: =IFERROR(VLOOKUP(A21,Diccionario_Codigos!$A:$B,2,0),"") -> Extractor Virutas / Refrigerante | C21: =IFERROR(COUNTIF(Registro_Paradas!$G:$G,A21),0) -> 0 | D21: =IFERROR(SUMIF(Registro_Paradas!$G:$G,A21,Registro_Paradas!$E:$E),0) -> 0 | E21: =IFERROR(D21/D11,0) -> 0
A22: PNP-E01 | B22: =IFERROR(VLOOKUP(A22,Diccionario_Codigos!$A:$B,2,0),"") -> Parada Emergencia / Seguridad Puertas | C22: =IFERROR(COUNTIF(Registro_Paradas!$G:$G,A22),0) -> 0 | D22: =IFERROR(SUMIF(Registro_Paradas!$G:$G,A22,Registro_Paradas!$E:$E),0) -> 0 | E22: =IFERROR(D22/D11,0) -> 0
A23: PNP-O01 | B23: =IFERROR(VLOOKUP(A23,Diccionario_Codigos!$A:$B,2,0),"") -> Error Programación / Código G | C23: =IFERROR(COUNTIF(Registro_Paradas!$G:$G,A23),0) -> 0 | D23: =IFERROR(SUMIF(Registro_Paradas!$G:$G,A23,Registro_Paradas!$E:$E),0) -> 0 | E23: =IFERROR(D23/D11,0) -> 0
A26: 📈 ÁREA RESERVADA PARA GRÁFICOS: Insertar manualmente → (1) Gráfico Columnas Apiladas: PP vs PNP por mes | (2) Velocímetro/Indicador OEE | (3) Barras MTBF/MTTR | (4) Pareto de Fallas [ver hoja Analisis_Pareto]

Sheet Registro_Paradas
A1: REGISTRO DE PARADAS — OPTImill F 210 HSC | Control Sinumerik 828D
A2: ID Evento | B2: Fecha (DD/MM/AAAA) | C2: Hora Inicio (HH:MM) | D2: Hora Fin (HH:MM) | E2: Tiempo Detenido (Minutos) | F2: Tipo de Parada | G2: Código de Parada | H2: Descripción Técnica / Observaciones
A3: =IF(G3<>"",ROW()-2,"") | E3: =IF(AND(C3<>"",D3<>""),INT((D3-C3)*1440),"") | F3: =IF(G3="","",IF(LEFT(G3,2)="PP","Planificada",IF(LEFT(G3,3)="PNP","No Planificada","Desconocido")))
A4: =IF(G4<>"",ROW()-2,"") | E4: =IF(AND(C4<>"",D4<>""),INT((D4-C4)*1440),"") | F4: =IF(G4="","",IF(LEFT(G4,2)="PP","Planificada",IF(LEFT(G4,3)="PNP","No Planificada","Desconocido")))
A5: =IF(G5<>"",ROW()-2,"") | E5: =IF(AND(C5<>"",D5<>""),INT((D5-C5)*1440),"") | F5: =IF(G5="","",IF(LEFT(G5,2)="PP","Planificada",IF(LEFT(G5,3)="PNP","No Planificada","Desconocido")))
A6: =IF(G6<>"",ROW()-2,"") | E6: =IF(AND(C6<>"",D6<>""),INT((D6-C6)*1440),"") | F6: =IF(G6="","",IF(LEFT(G6,2)="PP","Planificada",IF(LEFT(G6,3)="PNP","No Planificada","Desconocido")))
A7: =IF(G7<>"",ROW()-2,"") | E7: =IF(AND(C7<>"",D7<>""),INT((D7-C7)*1440),"") | F7: =IF(G7="","",IF(LEFT(G7,2)="PP","Planificada",IF(LEFT(G7,3)="PNP","No Planificada","Desconocido")))
A8: =IF(G8<>"",ROW()-2,"") | E8: =IF(AND(C8<>"",D8<>""),INT((D8-C8)*1440),"") | F8: =IF(G8="","",IF(LEFT(G8,2)="PP","Planificada",IF(LEFT(G8,3)="PNP","No Planificada","Desconocido")))
A9: =IF(G9<>"",ROW()-2,"") | E9: =IF(AND(C9<>"",D9<>""),INT((D9-C9)*1440),"") | F9: =IF(G9="","",IF(LEFT(G9,2)="PP","Planificada",IF(LEFT(G9,3)="PNP","No Planificada","Desconocido")))
A10: =IF(G10<>"",ROW()-2,"") | E10: =IF(AND(C10<>"",D10<>""),INT((D10-C10)*1440),"") | F10: =IF(G10="","",IF(LEFT(G10,2)="PP","Planificada",IF(LEFT(G10,3)="PNP","No Planificada","Desconocido")))
A11: =IF(G11<>"",ROW()-2,"") | E11: =IF(AND(C11<>"",D11<>""),INT((D11-C11)*1440),"") | F11: =IF(G11="","",IF(LEFT(G11,2)="PP","Planificada",IF(LEFT(G11,3)="PNP","No Planificada","Desconocido")))
A12: =IF(G12<>"",ROW()-2,"") | E12: =IF(AND(C12<>"",D12<>""),INT((D12-C12)*1440),"") | F12: =IF(G12="","",IF(LEFT(G12,2)="PP","Planificada",IF(LEFT(G12,3)="PNP","No Planificada","Desconocido")))
A13: =IF(G13<>"",ROW()-2,"") | E13: =IF(AND(C13<>"",D13<>""),INT((D13-C13)*1440),"") | F13: =IF(G13="","",IF(LEFT(G13,2)="PP","Planificada",IF(LEFT(G13,3)="PNP","No Planificada","Desconocido")))
A14: =IF(G14<>"",ROW()-2,"") | E14: =IF(AND(C14<>"",D14<>""),INT((D14-C14)*1440),"") | F14: =IF(G14="","",IF(LEFT(G14,2)="PP","Planificada",IF(LEFT(G14,3)="PNP","No Planificada","Desconocido")))
... A52: =IF(G52<>"",ROW()-2,"") | E52: =IF(AND(C52<>"",D52<>""),INT((D52-C52)*1440),"") | F52: =IF(G52="","",IF(LEFT(G52,2)="PP","Planificada",IF(LEFT(G52,3)="PNP","No Planificada","Desconocido")))
A53: TOTALES | E53: =SUM(E3:E52) -> 0
A55: INSTRUCCIONES: Ingrese Fecha en col B, Hora Inicio (C) y Fin (D) en formato HH:MM. Las columnas A, E, F se calculan automáticamente. Seleccione el código en col G desde el desplegable.

Sheet Diccionario_Codigos
A1: DICCIONARIO DE CÓDIGOS DE PARADA — OPTImill F 210 HSC
A2: Código | B2: Categoría / Subsistema | C2: Causa Raíz Común | D2: Tipo
A3: ── PARADAS PLANIFICADAS (PP) ──
A4: PP01 | B4: Setup / Configuración de Máquina | C4: Cambio de programa CNC, ajuste de origen pieza (WCS), calibración de herramientas en Sinumerik 828D | D4: Planificada
A5: PP02 | B5: Carga / Descarga de Pieza | C5: Amarre y alineación de la pieza en la mesa 900×520 mm, uso de indicador de reloj | D5: Planificada
A6: PP03 | B6: Limpieza y 5S del Área | C6: Limpieza de virutas, refrigerante y área de trabajo; revisión nivel aceite lubricación centralizada | D6: Planificada
A7: PP04 | B7: Mantenimiento Preventivo Prog. | C7: Engrase guías lineales, verificación presión neumática (5-7 bar), cambio filtros refrigerante 370 L | D7: Planificada
A8: PP05 | B8: Docencia / Explicación Teórica | C8: Pausa para instrucción académica, demostración de ciclos de mecanizado, revisión de código G/M | D8: Planificada
A9: ── PARADAS NO PLANIFICADAS — MECÁNICAS / ELÉCTRICAS (PNP) ──
A10: PNP-M01 | B10: Husillo / Spindle (Inline Motor) | C10: Sobrecalentamiento >75°C, vibración excesiva, falla rodamientos husillo SK40 DIN 69871 (12.000 rpm máx.) | D10: No Planificada
A11: PNP-M02 | B11: Ejes y Guías Lineales X / Y / Z | C11: Desviación posicionamiento >±0,005 mm, holgura husillo de bolas C3, falla servo ejes (X:800 / Y:500 / Z:500 mm) | D11: No Planificada
A12: PNP-M03 | B12: ATC — Cambiador Automático 30 pos. | C12: Falla brazos dobles en cambio T-T (tiempo estándar 2 s), colisión carrusel, sensor de posición herramienta | D12: No Planificada
A13: PNP-N01 | B13: Sistema Neumático — Presión < 6 bar | C13: Caída de presión en línea neumática (rango operación 5-7 bar), fuga en mangueras, manómetro defectuoso | D13: No Planificada
A14: PNP-L01 | B14: Lubricación Centralizada Automática | C14: Falta de lubricante en depósito, fallo bomba centralizadora, bloqueo en distribuidores de aceite | D14: No Planificada
A15: PNP-R01 | B15: Extractor Virutas / Refrigerante | C15: Obstrucción en extractor de cinta, fallo bomba refrigerante 3×1,27 kW (caudal 155 L/min), nivel tanque 370 L bajo | D15: No Planificada
A16: PNP-E01 | B16: Parada Emergencia / Seguridad Puertas | C16: Activación E-STOP, apertura puertas con ciclo activo, fallo relé seguridad, alarma Sinumerik 828D | D16: No Planificada
A17: PNP-O01 | B17: Error Programación / Código G | C17: Error de sintaxis CNC en Sinumerik 828D (SW SO28x), colisión simulada, límites de recorrido software excedidos | D17: No Planificada

Sheet Analisis_Pareto
A1: ANÁLISIS DE PARETO — PARADAS NO PLANIFICADAS | OPTImill F 210 HSC
A2: Tabla de frecuencias auto-calculada desde Registro_Paradas. Seleccionar A3:E11 → Insertar → Gráfico Combinado (Barras + Línea) para obtener el Diagrama de Pareto.
A3: Código PNP | B3: Descripción Subsistema | C3: Frecuencia (N° Eventos) | D3: Tiempo Total (Minutos) | E3: % Individual del Tiempo PNP | F3: % Acumulado (Curva Pareto)
A4: PNP-M01 | B4: =IFERROR(VLOOKUP(A4,Diccionario_Codigos!$A:$B,2,0),"") -> Husillo / Spindle (Inline Motor) | C4: =COUNTIF(Registro_Paradas!$G:$G,A4) -> 0 | D4: =SUMIF(Registro_Paradas!$G:$G,A4,Registro_Paradas!$E:$E) -> 0 | E4: =IFERROR(D4/SUM($D$4:$D$11),0) -> 0 | F4: =E4 -> 0
A5: PNP-M02 | B5: =IFERROR(VLOOKUP(A5,Diccionario_Codigos!$A:$B,2,0),"") -> Ejes y Guías Lineales X / Y / Z | C5: =COUNTIF(Registro_Paradas!$G:$G,A5) -> 0 | D5: =SUMIF(Registro_Paradas!$G:$G,A5,Registro_Paradas!$E:$E) -> 0 | E5: =IFERROR(D5/SUM($D$4:$D$11),0) -> 0 | F5: =F4+E5 -> 0
A6: PNP-M03 | B6: =IFERROR(VLOOKUP(A6,Diccionario_Codigos!$A:$B,2,0),"") -> ATC — Cambiador Automático 30 pos. | C6: =COUNTIF(Registro_Paradas!$G:$G,A6) -> 0 | D6: =SUMIF(Registro_Paradas!$G:$G,A6,Registro_Paradas!$E:$E) -> 0 | E6: =IFERROR(D6/SUM($D$4:$D$11),0) -> 0 | F6: =F5+E6 -> 0
A7: PNP-N01 | B7: =IFERROR(VLOOKUP(A7,Diccionario_Codigos!$A:$B,2,0),"") -> Sistema Neumático — Presión < 6 bar | C7: =COUNTIF(Registro_Paradas!$G:$G,A7) -> 0 | D7: =SUMIF(Registro_Paradas!$G:$G,A7,Registro_Paradas!$E:$E) -> 0 | E7: =IFERROR(D7/SUM($D$4:$D$11),0) -> 0 | F7: =F6+E7 -> 0
A8: PNP-L01 | B8: =IFERROR(VLOOKUP(A8,Diccionario_Codigos!$A:$B,2,0),"") -> Lubricación Centralizada Automática | C8: =COUNTIF(Registro_Paradas!$G:$G,A8) -> 0 | D8: =SUMIF(Registro_Paradas!$G:$G,A8,Registro_Paradas!$E:$E) -> 0 | E8: =IFERROR(D8/SUM($D$4:$D$11),0) -> 0 | F8: =F7+E8 -> 0
A9: PNP-R01 | B9: =IFERROR(VLOOKUP(A9,Diccionario_Codigos!$A:$B,2,0),"") -> Extractor Virutas / Refrigerante | C9: =COUNTIF(Registro_Paradas!$G:$G,A9) -> 0 | D9: =SUMIF(Registro_Paradas!$G:$G,A9,Registro_Paradas!$E:$E) -> 0 | E9: =IFERROR(D9/SUM($D$4:$D$11),0) -> 0 | F9: =F8+E9 -> 0
A10: PNP-E01 | B10: =IFERROR(VLOOKUP(A10,Diccionario_Codigos!$A:$B,2,0),"") -> Parada Emergencia / Seguridad Puertas | C10: =COUNTIF(Registro_Paradas!$G:$G,A10) -> 0 | D10: =SUMIF(Registro_Paradas!$G:$G,A10,Registro_Paradas!$E:$E) -> 0 | E10: =IFERROR(D10/SUM($D$4:$D$11),0) -> 0 | F10: =F9+E10 -> 0
A11: PNP-O01 | B11: =IFERROR(VLOOKUP(A11,Diccionario_Codigos!$A:$B,2,0),"") -> Error Programación / Código G | C11: =COUNTIF(Registro_Paradas!$G:$G,A11) -> 0 | D11: =SUMIF(Registro_Paradas!$G:$G,A11,Registro_Paradas!$E:$E) -> 0 | E11: =IFERROR(D11/SUM($D$4:$D$11),0) -> 0 | F11: =F10+E11 -> 0
A12: TOTAL | C12: =SUM(C4:C11) -> 0 | D12: =SUM(D4:D11) -> 0 | E12: =SUM(E4:E11) -> 0
A14: REGLA DE PARETO 80/20: Los códigos con % Acumulado ≤ 80% son las causas vitales. Priorizar su análisis en el plan de mantenimiento correctivo.
A15: INSTRUCCIÓN GRÁFICO DE PARETO: (1) Seleccionar rango A3:A11 y D3:F11 → Insertar → Gráfico Combinado. (2) Serie 'Tiempo Total (min)' → tipo Columna Agrupada, eje principal. (3) Serie '% Acumulado' → tipo Línea con marcadores, eje secundario (0%-100%). (4) Agregar línea de referencia al 80% en eje secundario.
